{"epochs": 10, "lr": 0.0003, "train_mpjpe": 38.75862121582031, "train_fde": 111.65379333496094, "val_mpjpe": 59.62781524658203, "val_fde": 91.7016830444336}