{"epochs": 2, "lr": 1e-05, "train_mpjpe": 239.6538848876953, "train_fde": 772.9129028320312, "val_mpjpe": 250.8955841064453, "val_fde": 265.19708251953125}