{"epochs": 1, "lr": 1e-05, "train_mpjpe": 242.7901611328125, "train_fde": 490.4373779296875, "val_mpjpe": 83.50239562988281, "val_fde": 118.80779266357422}