{"epochs": 5, "lr": 1e-05, "train_mpjpe": 230.411376953125, "train_fde": 779.5026245117188, "val_mpjpe": 263.1999206542969, "val_fde": 274.97509765625}