{"epochs": 2, "lr": 0.0001, "train_mpjpe": 201.7407684326172, "train_fde": 668.2290649414062, "val_mpjpe": 231.16172790527344, "val_fde": 237.84889221191406}