{"epochs": 5, "lr": 0.0003, "train_mpjpe": 55.57902526855469, "train_fde": 294.3154296875, "val_mpjpe": 101.24495697021484, "val_fde": 113.8211898803711}