{"epochs": 7, "lr": 0.0001, "train_mpjpe": 112.73575592041016, "train_fde": 406.8340759277344, "val_mpjpe": 156.4204559326172, "val_fde": 152.60299682617188}