{"epochs": 7, "lr": 0.0003, "train_mpjpe": 43.28224563598633, "train_fde": 260.9172668457031, "val_mpjpe": 76.7696762084961, "val_fde": 101.03960418701172}