{"epochs": 1, "lr": 0.0001, "train_mpjpe": 229.55740356445312, "train_fde": 472.3152160644531, "val_mpjpe": 83.50238800048828, "val_fde": 118.80780792236328}