{"epochs": 1, "lr": 0.0001, "train_mpjpe": 249.32888793945312, "train_fde": 402.1048278808594, "val_mpjpe": 115.60140991210938, "val_fde": 150.59336853027344}