{"epochs": 5, "lr": 0.0001, "train_mpjpe": 142.20181274414062, "train_fde": 488.75738525390625, "val_mpjpe": 187.57733154296875, "val_fde": 181.1864471435547}