{"epochs": 7, "lr": 1e-05, "train_mpjpe": 224.2401885986328, "train_fde": 755.9765014648438, "val_mpjpe": 257.44415283203125, "val_fde": 267.2999267578125}