{"epochs": 2, "lr": 0.0003, "train_mpjpe": 50.45762252807617, "train_fde": 132.1936492919922, "val_mpjpe": 83.09239196777344, "val_fde": 111.60472869873047}