{"epochs": 2, "lr": 0.0003, "train_mpjpe": 145.25355529785156, "train_fde": 508.33172607421875, "val_mpjpe": 194.45855712890625, "val_fde": 189.63795471191406}