{"epochs": 1, "lr": 0.0003, "train_mpjpe": 204.95974731445312, "train_fde": 439.6036376953125, "val_mpjpe": 83.50238800048828, "val_fde": 118.80780792236328}